<?xml version="1.0" encoding="UTF-8"?><c:command xmlns:c="http://www.prelytis.com/schemas/livedashboard/4.8/command.xsd"><c:add name="Axway_xSmall" sessionParameterType="STYLE" version="00.00.004"></c:add><c:add name="b2bi_message_C" sessionParameterType="QUERY" version="00.00.003"></c:add><c:add name="Searchdetails" sessionParameterType="QUERY" version="00.00.137"></c:add><c:add name="mon_TopTradingPartners" sessionParameterType="QUERY" version="00.00.071"></c:add><c:add name="mon_TopTradingPartners_Outbound" sessionParameterType="QUERY" version="00.00.074"></c:add><c:add name="mon_PerHour" sessionParameterType="QUERY" version="00.00.019"></c:add><c:add name="b2bmessage_historic" sessionParameterType="QUERY" version="00.00.000"></c:add><c:add name="b2b_message_current" sessionParameterType="QUERY" version="00.00.002"></c:add><c:add name="DistributionByState" sessionParameterType="REPORT" version="00.00.017"></c:add><c:add name="SearchDetails" sessionParameterType="REPORT" version="00.00.014"></c:add><c:add name="mon_MessageErrorTrend" sessionParameterType="REPORT" version="00.00.018"></c:add><c:add name="mon_TopTradingPartners" sessionParameterType="REPORT" version="00.00.030"></c:add><c:add name="mon_TopTradingPartners_Outbound" sessionParameterType="REPORT" version="00.00.012"></c:add><c:add name="mon_ConsumedCount" sessionParameterType="REPORT" version="00.00.081"></c:add><c:add name="mon_DeliveredCount" sessionParameterType="REPORT" version="00.00.075"></c:add><c:add name="mon_TransportProtocols" sessionParameterType="REPORT" version="00.00.017"></c:add><c:add name="mon_ErrorSummary" sessionParameterType="REPORT" version="00.00.111"></c:add><c:add name="R022_TransactionsPerHour" sessionParameterType="REPORT" version="00.00.163"></c:add><c:add name="R023_TransactionsPerHour" sessionParameterType="REPORT" version="00.00.161"></c:add><c:add name="Out_Transport_protocol_summary" sessionParameterType="REPORT" version="00.00.018"></c:add><c:add name="Messages_Processed_Outbound_new" sessionParameterType="REPORT" version="00.00.060"></c:add><c:add name="MessagesProcessedOKTodayDetails" sessionParameterType="REPORT" version="00.00.042"></c:add><c:add name="Message_Processed_Today_Outbound" sessionParameterType="REPORT" version="00.00.044"></c:add><c:add name="Message_Processed_Faile_Outbound" sessionParameterType="REPORT" version="00.00.046"></c:add><c:add name="Messages_Failed_Inbound_Details" sessionParameterType="REPORT" version="00.00.047"></c:add><c:add name="MessagesProcessedTodaywtInteg" sessionParameterType="REPORT" version="00.00.063"></c:add><c:add name="AX_TransactionsTracker" sessionParameterType="REPORT" version="00.00.080"></c:add><c:add name="mon_Summary" sessionParameterType="DASHBOARD" version="00.00.112"></c:add><c:add name="Transaction_Detail_Link" sessionParameterType="LINK" version="00.00.004"></c:add><c:add name="Messages_Processed_OK_Outbound_Details" sessionParameterType="LINK" version="00.00.005"></c:add><c:add name="Details_Messages_Failed_Outbound" sessionParameterType="LINK" version="00.00.002"></c:add><c:add name="DetailsMessagesProcessedOK" sessionParameterType="LINK" version="00.00.004"></c:add><c:add name="Details_Messages_Failed_Inbound" sessionParameterType="LINK" version="00.00.003"></c:add><c:add name="AX_show_detail_Inbound_failed_events" sessionParameterType="LINK" version="00.00.004"></c:add><c:add name="AX_show_detail_Inbound_success_events" sessionParameterType="LINK" version="00.00.004"></c:add><c:add name="AX_show_detail_outbound_failed_events" sessionParameterType="LINK" version="00.00.004"></c:add><c:add name="AX_show_detail_outbound_success_events" sessionParameterType="LINK" version="00.00.005"></c:add></c:command>